Reference, Quantity, Value, Footprint, Datasheet, DESCRIPTION
C1 C4 C7 C10 C12 C14 C17 C21 C22 C25 C26 C34 C35 C36 C39 C41 C47 C53 ,18,"100n","Capacitor_SMD:C_0805_2012Metric_Pad1.18x1.45mm_HandSolder","","08051C104KAT2A KYOCERA AVX"
C15 ,1,"100u","Capacitor_THT:CP_Radial_D5.0mm_P2.50mm","https://www.tme.eu/Document/4bbe885c35326128adf3c0aebd83337c/e-bt.pdf","UBT1H101MPD8 NICHICON"
C16 C18 C20 C23 C42 ,5,"22u","Capacitor_Tantalum_SMD:CP_EIA-3216-18_Kemet-A_Pad1.58x1.35mm_HandSolder","","TPSA106K010R0900 KYOCERA AVX"
C19 ,1,"100u","Capacitor_Tantalum_SMD:CP_EIA-3528-21_Kemet-B_Pad1.50x2.35mm_HandSolder","","TPSA106K010R0900 KYOCERA AVX"
C2 C5 C30 C31 C51 C52 ,6,"18p","Capacitor_SMD:C_0805_2012Metric_Pad1.18x1.45mm_HandSolder","","08055A180JAT2A KYOCERA AVX"
C24 C29 C32 C33 ,4,"100n","Capacitor_SMD:C_0603_1608Metric_Pad1.08x0.95mm_HandSolder","","06033G104ZAT2A KYOCERA AVX"
C28 ,1,"3u3","Capacitor_SMD:C_0805_2012Metric_Pad1.18x1.45mm_HandSolder","","0805ZD335KAT2A KYOCERA AVX"
C3 ,1,"10u","Capacitor_Tantalum_SMD:CP_EIA-6032-28_Kemet-C_Pad2.25x2.35mm_HandSolder","","TPSA106K010R0900 KYOCERA AVX"
C40 ,1,"470u","Capacitor_THT:CP_Radial_D8.0mm_P3.50mm","","NICHICON UHE1A471MPD1TA "
C55 C57 ,2,"22n","Capacitor_SMD:C_0805_2012Metric_Pad1.18x1.45mm_HandSolder","","08051C223KAT2A KYOCERA AVX"
C58 C59 ,2,"4u7","Capacitor_SMD:C_0805_2012Metric_Pad1.18x1.45mm_HandSolder","","0805YC475KAT2A KYOCERA AVX"
C6 C9 C27 C43 C45 C46 ,6,"1u","Capacitor_SMD:C_0805_2012Metric_Pad1.18x1.45mm_HandSolder","","0805YC105KAT2A KYOCERA AVX"
C62 ,1,"10u","Capacitor_SMD:C_1206_3216Metric_Pad1.33x1.80mm_HandSolder","","CL31A106MAHNNNE SAMSUNG"
C63 C64 ,2,"220u","Capacitor_THT:CP_Radial_D6.3mm_P2.50mm","https://www.tme.eu/Document/4bbe885c35326128adf3c0aebd83337c/e-bt.pdf","EEUFR1C221 PANASONIC"
C8 C11 C13 C37 C38 C48 C49 C50 C54 C56 C60 C61 ,12,"10u","Capacitor_Tantalum_SMD:CP_EIA-3216-18_Kemet-A_Pad1.58x1.35mm_HandSolder","","TPSA106K010R0900 KYOCERA AVX"
D1 ,1,"LED_ACTIVE","LED_SMD:LED_0805_2012Metric_Pad1.15x1.40mm_HandSolder","","KPT-2012CGCK KINGBRIGHT ELECTRONIC"
D12 ,1,"1882.2781","LED:LED_MENTOR_1882","https://www.cree.com/led-components/media/documents/1397-QLS6BFKW.pdf","1882.2781 MENTOR"
D15 D16 ,2,"LED","LED_SMD:LED_0805_2012Metric_Pad1.15x1.40mm_HandSolder","","KP-2012SYCK KINGBRIGHT ELECTRONIC"
D4 ,1,"B130-13-F","Diode_SMD:D_SMA","","B130-13-F DIODES INCORPORATED"
D5 D6 ,2,"LED_HS","LED_SMD:LED_0805_2012Metric_Pad1.15x1.40mm_HandSolder","","KPT-2012SURC KINGBRIGHT ELECTRONIC"
D7 ,1,"1N4148W","Diode_SMD:D_SOD-123","https://www.vishay.com/docs/85748/1n4148w.pdf","1N4148W-AQ DIOTEC SEMICONDUCTOR"
D9 D10 D17 D18 D19 D20 ,6,"RB751V40T1G","Diode_SMD:D_SOD-323_HandSoldering","https://www.tme.eu/Document/b77eb958f5d9ac56ef472a800d34775b/RB751V40T1.PDF","RB751V40T1G ONSEMI"
H1 H2 H3 H4 ,4,"MountingHole","MountingHole:MountingHole_3.2mm_M3",""
J1 ,1,"Barrel_Jack","Connector_BarrelJack:BarrelJack_GCT_DCJ200-10-A_Horizontal",""
J11 J12 ,2,"ACJS-MHDRM","AV:Jack_6.35mm_ACJS-MHDRM","","ACJS-MHDRM AMPHENOL"
J2 ,1,"miniUSB","Connector_USB:USB_B_Lumberg_2411_02_Horizontal"," ~","DS1099-WN0 CONNFLY"
J3 ,1,"15EDGRC-3.5-03P-14","Connector_Phoenix_MC:PhoenixContact_MC_1,5_3-G-3.5_1x03_P3.50mm_Horizontal","https://www.tme.eu/Document/c7e2facf434c6541c93efde757aaf5e6/607.pdf"
J4 ,1,"DB9_Female","Connector_Dsub:DSUB-9_Female_Horizontal_P2.77x2.84mm_EdgePinOffset4.94mm_Housed_MountingHolesOffset7.48mm"," ~","DE09-SN-24 ADAM TECH"
J5 ,1,"EEP_EN","Connector_PinHeader_2.54mm:PinHeader_2x02_P2.54mm_Vertical",""
J6 ,1,"Mini-DIN-6","AV:Mini-DIN_Female_TM0508A","http://service.powerdynamics.com/ec/Catalog17/Section%2011.pdf","4850.2610 SCHURTER"
J7 ,1,"EDAC 690-008-221-904","Connector_USB:USB_A_Wuerth_61400826021_Horizontal_Stacked","https://www.tme.eu/Document/bc38f05e107515c145d033d39722883f/690-008-221-904.pdf","EDAC 690-008-221-904"
J8 ,1,"DB9_Male","Connector_Dsub:DSUB-9_Male_Horizontal_P2.77x2.84mm_EdgePinOffset4.94mm_Housed_MountingHolesOffset7.48mm"," ~","DE09-PN-24 ADAM TECH"
J9 J10 ,2,"Conn_Coaxial","AV:rca_cliff_F68371"," ~"
L1 L4 L6 ,3,"1u","Inductor_SMD:L_0805_2012Metric_Pad1.15x1.40mm_HandSolder","","Viking NL05KTC1R0 "
L2 L3 L5 ,3,"4u7","Inductor_SMD:L_1210_3225Metric_Pad1.42x2.65mm_HandSolder","https://www.tme.eu/Document/11b7ed33a7ee93321756e8b8c8bd2191/VIKING-NLV.pdf","Viking NLV10MTC4R7"
Q1 Q2 Q3 Q4 ,4,"BC846C","Package_TO_SOT_SMD:SOT-23","https://assets.nexperia.com/documents/data-sheet/BC846_SER.pdf","BC846C-AQ DIOTEC SEMICONDUCTOR"
Q5 ,1,"BC856","Package_TO_SOT_SMD:SOT-23","https://www.onsemi.com/pub/Collateral/BC860-D.pdf","BC856B-AQ DIOTEC SEMICONDUCTOR"
R1 R4 R6 R8 R13 R14 R15 R21 ,8,"100k","Resistor_SMD:R_0805_2012Metric_Pad1.20x1.40mm_HandSolder","","ERJ6ENF1002V PANASONIC"
R10 R44 ,2,"12k","Resistor_SMD:R_0805_2012Metric_Pad1.20x1.40mm_HandSolder","","ERJ6ENF1202V PANASONIC"
R11 R12 R42 R43 R46 R48 ,6,"22","Resistor_SMD:R_0603_1608Metric_Pad0.98x0.95mm_HandSolder","","ERJ3EKF22R0V PANASONIC"
R17 R78 ,2,"10k","Resistor_SMD:R_0603_1608Metric_Pad0.98x0.95mm_HandSolder","","ERJ3EKF1002V PANASONIC"
R2 R3 R5 R57 R59 ,5,"620","Resistor_SMD:R_0805_2012Metric_Pad1.20x1.40mm_HandSolder","","ERJ6GEYJ621V PANASONIC"
R20 ,1,"0R68","Resistor_SMD:R_1206_3216Metric_Pad1.30x1.75mm_HandSolder",""
R22 R24 R26 R30 ,4,"33","Resistor_SMD:R_0603_1608Metric_Pad0.98x0.95mm_HandSolder","","ERJ3EKF33R0V PANASONIC"
R25 R29 R31 R40 R41 R50 R56 R63 ,8,"2k2","Resistor_SMD:R_0805_2012Metric_Pad1.20x1.40mm_HandSolder","","ERJ6ENF2201V PANASONIC"
R27 R28 R32 R33 R79 R80 ,6,"680","Resistor_SMD:R_0805_2012Metric_Pad1.20x1.40mm_HandSolder","","ERA6AEB681V PANASONIC"
R34 ,1,"R_Small","Resistor_SMD:R_0805_2012Metric_Pad1.20x1.40mm_HandSolder",""
R35 R36 R37 ,3,"620","Resistor_SMD:R_0603_1608Metric_Pad0.98x0.95mm_HandSolder","","ERJ3EKF6200V PANASONIC"
R45 ,1,"1k5","Resistor_SMD:R_0805_2012Metric_Pad1.20x1.40mm_HandSolder","","ERA6AEB152V PANASONIC"
R47 ,1,"1k","Resistor_SMD:R_0805_2012Metric_Pad1.20x1.40mm_HandSolder","","ERJ6ENF1001V PANASONIC"
R53 ,1,"2R2","Resistor_SMD:R_0805_2012Metric_Pad1.20x1.40mm_HandSolder","","ERJP06J2R2V PANASONIC"
R54 ,1,"0","Resistor_SMD:R_0805_2012Metric_Pad1.20x1.40mm_HandSolder","","ERJ6GEY0R00V PANASONIC"
R55 ,1,"1M","Resistor_SMD:R_0805_2012Metric_Pad1.20x1.40mm_HandSolder","","ERJ6ENF1004V PANASONIC"
R58 R60 ,2,"16R","Resistor_SMD:R_0805_2012Metric_Pad1.20x1.40mm_HandSolder","","0805S8F160JT5E ROYAL OHM"
R65 R66 ,2,"330","Resistor_SMD:R_0805_2012Metric_Pad1.20x1.40mm_HandSolder","","ERJ6ENF3300V PANASONIC"
R69 ,1,"0","Resistor_SMD:R_0603_1608Metric_Pad0.98x0.95mm_HandSolder","","ERJ3GEY0R00V PANASONIC"
R7 R16 R18 R19 R23 R38 R39 R49 R51 R52 R61 R62 R64 R67 R68 R71 R72 R77 ,18,"10k","Resistor_SMD:R_0805_2012Metric_Pad1.20x1.40mm_HandSolder","","ERJ6ENF1002V PANASONIC"
R70 ,1,"DNP","Resistor_SMD:R_0603_1608Metric_Pad0.98x0.95mm_HandSolder",""
R81 ,1,"22k","Resistor_SMD:R_0805_2012Metric_Pad1.20x1.40mm_HandSolder","","ERJ6ENF2202V PANASONIC"
R9 ,1,"4k7","Resistor_SMD:R_0805_2012Metric_Pad1.20x1.40mm_HandSolder","","ERJ6ENF4701V PANASONIC"
RN1 ,1,"10k","Resistor_THT:R_Array_SIP5","http://www.vishay.com/docs/31509/csc.pdf","RNLA05G0103B0E ROYAL OHM"
SW1 ,1,"SW_Push_DPDT","switches_spdt_dpdt:Alps_SSSS222700","https://www.tme.eu/Document/c62ad11cd91cb94020bc0a3c66211e45/SSSS222700.PDF","Alps SSSS222700"
SW2 SW7 ,2,"SW_SPDT","switches_spdt_dpdt:Alps_SSSS213000","https://www.tme.eu/Document/2a8ee3f094bc2d9567cff99b6818da87/SSSS213000.PDF","SSSS213000 ALPS"
SW3 ,1,"SW_SPDT","switches_spdt_dpdt:TL3XWO",""
SW4 SW5 ,2,"SW_DIP_x04","Button_Switch_SMD:SW_DIP_SPSTx04_Slide_Copal_CHS-04B_W7.62mm_P1.27mm","","NIDEC CHS-04B"
SW6 ,1,"SW_DPDT_x2","switches_spdt_dpdt:Alps_SSSS222700","https://www.tme.eu/Document/c62ad11cd91cb94020bc0a3c66211e45/SSSS222700.PDF","ALPS SSSS222700"
TP1 ,1,"+12V_FLG","TestPoint:TestPoint_Pad_D1.0mm",""
TP10 ,1,"AUD_OUT_L","TestPoint:TestPoint_Pad_D2.0mm",""
TP11 ,1,"AUD_OUT_R","TestPoint:TestPoint_Pad_D2.0mm",""
TP12 ,1,"OPAMP_BIAS","TestPoint:TestPoint_Pad_D2.0mm",""
TP13 ,1,"PTT_CTRL","TestPoint:TestPoint_Pad_D2.0mm",""
TP14 ,1,"USB_GROUND","TestPoint:TestPoint_Pad_D2.0mm",""
TP15 ,1,"GROUND","TestPoint:TestPoint_Pad_D2.0mm",""
TP16 ,1,"+12V","TestPoint:TestPoint_Pad_D2.0mm",""
TP17 ,1,"+2V5","TestPoint:TestPoint_Pad_D2.0mm",""
TP18 ,1,"+5V","TestPoint:TestPoint_Pad_D2.0mm",""
TP2 ,1,"VB_FLG","TestPoint:TestPoint_Pad_D1.0mm",""
TP3 ,1,"+5VP_OK","TestPoint:TestPoint_Pad_D2.0mm",""
TP4 ,1,"TTL_TX","TestPoint:TestPoint_Pad_D1.0mm",""
TP5 ,1,"TTL_RX","TestPoint:TestPoint_Pad_D1.0mm",""
TP6 ,1,"TTL_TX_2","TestPoint:TestPoint_Pad_D1.0mm",""
TP7 ,1,"TTL_RX_2","TestPoint:TestPoint_Pad_D2.0mm",""
TP8 ,1,"SER_B_TXD_OUT","TestPoint:TestPoint_Pad_D2.0mm",""
TP9 ,1,"SER_B_RXD_IN","TestPoint:TestPoint_Pad_D1.0mm",""
U1 ,1,"L7805","Package_TO_SOT_THT:TO-220-3_Horizontal_TabDown","http://www.st.com/content/ccc/resource/technical/document/datasheet/41/4f/b3/b0/12/d4/47/88/CD00000444.pdf/files/CD00000444.pdf/jcr:content/translations/en.CD00000444.pdf"
U10 ,1,"AP2171W","Package_TO_SOT_SMD:SOT-23-5","https://www.diodes.com/assets/Datasheets/AP2161.pdf","DIODES INCORPORATED AP2171WG-7 "
U13 ,1,"MAX3232","Package_SO:TSSOP-16_4.4x5mm_P0.65mm","https://datasheets.maximintegrated.com/en/ds/MAX3222-MAX3241.pdf"
U14 ,1,"93CxxC","Package_DIP:DIP-8_W7.62mm","http://ww1.microchip.com/downloads/en/DeviceDoc/20001749K.pdf","93C46A-I/P MICROCHIP TECHNOLOGY"
U15 ,1,"PCM2900CDB","Package_SO:SSOP-28_5.3x10.2mm_P0.65mm","http://www.ti.com/lit/ds/symlink/pcm2902c.pdf","TEXAS INSTRUMENTS PCM2900CDB"
U17 ,1,"FT2232HL","Package_QFP:LQFP-64_10x10mm_P0.5mm","https://www.ftdichip.com/Support/Documents/DataSheets/ICs/DS_FT2232H.pdf","FTDI  FT2232HL"
U18 U20 U21 ,3,"PC817","Package_DIP:SMDIP-4_W7.62mm","http://www.soselectronic.cz/a_info/resource/d/pc817.pdf"
U19 U22 ,2,"CRIYCHLEY9000","paratnc_cp:NORMAL",""
U2 ,1,"24LC04","Package_DIP:DIP-8_W7.62mm","http://ww1.microchip.com/downloads/en/DeviceDoc/21708K.pdf","24LC04BH-I/P MICROCHIP TECHNOLOGY"
U23 ,1,"LMV321IDBVR","Package_TO_SOT_SMD:SOT-23-5_HandSoldering","https://www.ti.com/lit/gpn/LMV321"
U3 ,1,"APX809_810-xxSA","Package_TO_SOT_SMD:SOT-23_Handsoldering","","APX809S-29SA-7 DIODES INCORPORATED"
U4 U5 ,2,"AP22814AW5","Package_TO_SOT_SMD:SOT-23-5","https://www.diodes.com/assets/Datasheets/AP22804_14.pdf","DIODES INCORPORATED AP22814AW5-7"
U6 ,1,"USB2514B-AEZC","Package_DFN_QFN:QFN-36-1EP_6x6mm_P0.5mm_EP3.7x3.7mm","http://ww1.microchip.com/downloads/en/DeviceDoc/00001692C.pdf","MICROCHIP TECHNOLOGY  USB2514B-AEZC"
U7 ,1,"LM1117-3.3","Package_TO_SOT_SMD:TO-252-2","http://www.ti.com/lit/ds/symlink/lm1117.pdf","LM1117DTX-3.3 TEXAS INSTRUMENTS"
U8 ,1,"TBA 1-0511","Converter_DCDC:Converter_DCDC_Murata_CRE1xxxxxx3C_THT","https://www.tme.eu/Document/04c8092078f15ad8e8fca758a461a5e9/tba1-datasheet.pdf","TBA 1-0511 TRACO POWER"
U9 ,1,"4069","Package_SO:TSSOP-14_4.4x5mm_P0.65mm","http://www.intersil.com/content/dam/Intersil/documents/cd40/cd4069ubms.pdf"
X1 ,1,"MAB5SH","sterownik-eagle:MAB5SH",""
Y1 ,1,"24MHz","Crystal:Crystal_SMD_Abracon_ABM8G-4Pin_3.2x2.5mm","","IQD  LFXTAL032817BULK"
Y2 ,1,"12MHz","Crystal:Crystal_SMD_Abracon_ABM8G-4Pin_3.2x2.5mm","","7V-12.000MDDJ-T TXC"
Y3 ,1,"12M","Crystal:Crystal_SMD_Abracon_ABM8G-4Pin_3.2x2.5mm","","7V-12.000MDDJ-T TXC"